[{ "login": "admin", "prenom": "Adelino ", "nom": "Mendes", "password": "admin", "profil": "admin", "avatar": "..\/Public\/images\/img5.jpg" }, { "login": "joueur", "prenom": "Emerson", "nom": "Mendes", "password": "joueur", "profil": "joueur", "Score": "1000", "avatar": "..\/Public\/images\/img5.jpg" }, { "nom": "DIATTA", "prenom": "Ibou", "login": "ibou", "password": "aaaa", "profile": "joueur", "Score": "1022", "avatar": "..\/Public\/images\/1200810642.jpg.0.jpg" }, { "nom": "NIANG", "prenom": "Aly", "login": "aly", "password": "aaaa", "profile": "joueur", "Score": "963", "avatar": "..\/Public\/images\/eau_nature.jpg" }, { "nom": "MBAYE", "prenom": "Saliou", "login": "saliou", "password": "bbbb", "profile": "joueur", "Score": "877", "avatar": "..\/Public\/images\/t\u00e9l\u00e9chargement.png" }, { "nom": "DIOUF", "prenom": "Khady", "login": "khady", "password": "kkkk", "profile": "joueur", "Score": "875", "avatar": "..\/Public\/images\/images (3).jpg" }, { "nom": "Sow", "prenom": "Moussa", "login": "moussa", "password": "aaaa", "profile": "joueur", "Score": "870", "avatar": "..\/Public\/images\/t\u00e9l\u00e9chargement.jpg" }, { "nom": "Mboup", "prenom": "Youssou", "login": "youssou", "password": "yyyy", "profile": "joueur", "Score": "816", "avatar": "..\/Public\/images\/images (2).jpg" }, { "nom": "NIANG", "prenom": "Djiby", "login": "djiby", "password": "zzzz", "profile": "joueur", "Score": "816", "avatar": "..\/Public\/images\/t\u00e9l\u00e9chargement.jpg" }, { "nom": "Dieng", "prenom": "Astou", "login": "astou", "password": "uuuu", "profile": "joueur", "Score": "800", "avatar": "..\/Public\/images\/t\u00e9l\u00e9chargement (2).jpg" }, { "nom": "SAMB", "prenom": "Ibrahima", "login": "ibrahima", "password": "hhhh", "profile": "joueur", "Score": "797", "avatar": "..\/Public\/images\/1200810642.jpg.0.jpg" }, { "nom": "GUEYE", "prenom": "L\u00e9na", "login": "lena", "password": "aaaa", "profile": "joueur", "Score": "763", "avatar": "..\/Public\/images\/images (1).jpg" }, { "nom": "BEYE", "prenom": "Aminata", "login": "amina", "password": "aaaa", "profile": "joueur", "Score": "760", "avatar": "..\/Public\/images\/hqdefault.jpg" }, { "nom": "MANE", "prenom": "Lamine", "login": "lamine", "password": "dddd", "profile": "joueur", "Score": "759", "avatar": "..\/Public\/images\/gettyimages-823207246-612x612-1.jpg" }, { "nom": "MENDES", "prenom": "Serges", "login": "serges", "password": "aaaa", "profile": "joueur", "Score": "730", "avatar": "..\/Public\/images\/t\u00e9l\u00e9chargement (1).jpg" }, { "nom": "Ndecky", "prenom": "Estelle", "login": "estel", "password": "eeee", "profile": "joueur", "Score": "723", "avatar": "..\/Public\/images\/t\u00e9l\u00e9chargement.jpg" }, { "nom": "Diallo", "prenom": "Moustapha", "login": "tapha", "password": "cccc", "profile": "joueur", "Score": "720", "avatar": "..\/Public\/images\/images.jpg" }, { "nom": "NDOUR", "prenom": "Abba", "login": "aba", "password": "aaaa", "profile": "joueur", "Score": "716", "avatar": "..\/Public\/images\/t\u00e9l\u00e9chargement (3).jpg" }]